볷븊,뿕뾭롌ID,뼹멟,긘긲긣,뢯뗈,뭯뜌,뢯뗈렄뺪뜍,뫿뗈,뫿뗈렄뺪뜍
2024-04-01,1,밹뭷,뢯뗈,,,,,,
2024-04-02,1,밹뭷,뢯뗈,,,,,,
2024-04-03,1,밹뭷,뢯뗈,,,,,,
2024-04-04,1,밹뭷,뢯뗈,,,,,,
2024-04-05,1,밹뭷,뢯뗈,,,,,,
2024-04-06,1,밹뭷,뢯뗈,,,,,,
2024-04-07,1,밹뭷,뢯뗈,,,,,,
2024-04-08,1,밹뭷,뢯뗈,,,,,,
2024-04-09,1,밹뭷,뢯뗈,,,,,,
2024-04-10,1,밹뭷,뢯뗈,,,,,,
2024-04-11,1,밹뭷,뢯뗈,,,,,,
2024-04-12,1,밹뭷,뢯뗈,,,,,,
2024-04-13,1,밹뭷,뢯뗈,,,,,,
2024-04-14,1,밹뭷,뢯뗈,,,,,,
2024-04-15,1,밹뭷,뢯뗈,,,,,,
2024-04-16,1,밹뭷,뢯뗈,,,,,,
2024-04-17,1,밹뭷,뢯뗈,OK,14:44:08,궓궼귝궎궟궡궋귏궥갃,OK,궓붹귢뾩궳궥갃,
2024-04-18,1,밹뭷,뢯뗈,OK,13:47:24,궓궼귝궎궟궡궋귏궥갃,OK,궓붹귢뾩궳궥갃,
2024-04-19,1,밹뭷,뢯뗈,,,,,,
2024-04-20,1,밹뭷,뢯뗈,,,,,,
2024-04-21,1,밹뭷,뢯뗈,,,,,,
2024-04-22,1,밹뭷,뢯뗈,,,,,,
2024-04-23,1,밹뭷,뢯뗈,,,,,,
2024-04-24,1,밹뭷,뢯뗈,,,,,,
2024-04-25,1,밹뭷,뢯뗈,,,,,,
2024-04-26,1,밹뭷,뢯뗈,,,,,,
2024-04-27,1,밹뭷,뢯뗈,,,,,,
2024-04-28,1,밹뭷,뢯뗈,,,,,,
2024-04-29,1,밹뭷,뢯뗈,,,,,,
2024-04-30,1,밹뭷,뢯뗈,,,,,,
